0,5482,,,,
2,8086,,,,
4,7500,,,,
6,7486,,,,
8,10076,,,,
10,17245,,,,
12,18172,,,,
14,24967,,,,
16,20634,,,,
18,20718,,,,
20,20811,,,,
22,25846,,,,
24,24106,,,,
26,23836,,,,
28,23210,,,,
30,26976,,,,
32,26587,,,,
34,26445,,,,
36,26021,,,,
38,29775,,,,
40,29357,,,,
42,29570,,,,
44,28706,,,,
46,31805,,,,
48,31449,,,,
50,33844,,,,
52,34040,,,,
54,37330,,,,
56,33388,,,,
58,38902,,,,
60,41479,,,,
62,37700,,,,
64,44489,,,,
66,51917,,,,
68,47815,,,,
70,50433,,,,
72,50135,,,,
74,57235,,,,
76,52809,,,,
78,55758,,,,
80,54568,,,,
82,55050,,,,
84,58819,,,,
86,58919,,,,
88,58415,,,,
90,57981,,,,
92,61243,,,,
94,60638,,,,
96,60246,,,,
98,59263,,,,
100,62752,,,,
102,62515,,,,
104,62173,,,,
106,,71845,,,
108,,74250,,,
110,,73688,,,
112,,73286,,,
114,,77014,,,
116,,78056,,,
118,,76779,,,
120,,75974,,,
122,,80131,,,
124,,79918,,,
126,,80160,,,
128,,79528,,,
130,,82622,,,
132,,82089,,,
134,,81760,,,
136,,81353,,,
138,,81453,,,
140,,81030,,,
142,,80305,,,
144,,79321,,,
146,,82758,,,
148,,81990,,,
150,,82131,,,
152,,82294,,,
154,,85190,,,
156,,87084,,,
158,,86310,,,
160,,83297,,,
162,,87484,,,
164,,88189,,,
166,,87196,,,
168,,87850,,,
170,,91807,,,
172,,90912,,,
174,,90238,,,
176,,90458,,,
178,,93921,,,
180,,93574,,,
182,,93950,,,
184,,93077,,,
186,,96836,,,
188,,96840,,,
190,,96616,,,
192,,95703,,,
194,,103282,,,
196,,99423,,,
198,,98693,,,
200,,98006,,,
202,,105367,,,
204,,107594,,,
206,,104635,,,
208,,104589,,,
210,,113883,,,
212,,125734,,,
214,,113846,,,
216,,113692,,,
218,,,,148628,
220,,,,148297,
222,,,,147948,
224,,,,147597,
226,,,,147226,
228,,,,146871,
230,,,,146497,
232,,,,146131,
234,,,,145758,
236,,,,145410,
238,,,,145067,
240,,,,144716,
242,,,,144373,
244,,,,144039,
246,,,,143695,
248,,,,143322,
250,,,,142972,
252,,,,142617,
254,,,,142292,
256,,,,141928,
258,,,,141564,
260,,,,141197,
262,,,,140819,
264,,,,140421,
266,,,,140072,
268,,,,139723,
270,,,,139405,
272,,,,139060,
274,,,,138719,
276,,,,138351,
278,,,,137984,
280,,,,137548,
282,,,,137127,
284,,,,136757,
286,,,,136376,
288,,,,136036,
290,,,,135692,
292,,,,135326,
294,,,,135003,
296,,,,134666,
298,,,,134332,
300,,,,133884,
302,,,,133545,
304,,,,133199,
306,,,,132869,
308,,,,132535,
310,,,,132200,
312,,,,131806,
314,,,,131472,
316,,,,131136,
318,,,,130809,
320,,,,130463,
322,,,,130134,
324,,,,129802,
326,,,,129464,
328,,,,129125,
330,,,,128776,
332,,,,128445,
334,,,,128123,
336,,,,127797,
338,,,,127464,
340,,,,127128,
342,,,,126797,
344,,,,126379,
346,,,,126030,
348,,,,125717,
350,,,,125372,
352,,,,125033,
354,,,,124697,
356,,,,124369,
358,,,,124065,
360,,,,123725,
362,,,123397,,
364,,,123031,,
366,,,122719,,
368,,,122364,,
370,,,122013,,
372,,,121664,,
374,,,121326,,
376,,,120970,,
378,,,120665,,
380,,,120309,,
382,,,119984,,
384,,,119654,,
386,,,119323,,
388,,,118992,,
390,,,118659,,
392,,,118296,,
394,,,117927,,
396,,,117596,,
398,,,117282,,
400,,,116933,,
402,,,116628,,
404,,,116273,,
406,,,115959,,
408,,,115608,,
410,,,115300,,
412,,,114929,,
414,,,114607,,
416,,,114232,,
418,,,113909,,
420,,,113563,,
422,,,113211,,
424,,,112878,,
426,,,112553,,
428,,,112190,,
430,,,111892,,
432,,,111525,,
434,,,,111160,
436,,,,110801,
438,,,,110452,
440,,,,110069,
442,,,,109691,
444,,,,109329,
446,,,,108969,
448,,,,108578,
450,,,,108220,
452,,,,107892,
454,,,,107565,
456,,,,107237,
458,,,,106898,
460,,,,106558,
462,,,,106205,
464,,,,105855,
466,,,,105532,
468,,,,105172,
470,,,,104841,
472,,,,104492,
474,,,,104130,
476,,,,103733,
478,,,,103136,
480,,,,102787,
482,,,,102462,
484,,,,102120,
486,,,,100651,
488,,,,100322,
490,,,,99994,
492,,,,99650,
494,,,,99322,
496,,,,98951,
498,,,,98617,
500,,,,98283,
502,,,,97955,
504,,,,97612,
506,,,,97279,
508,,,,96976,
510,,,,96638,
512,,,,96311,
514,,,,95989,
516,,,,95671,
518,,,,95350,
520,,,,95029,
522,,,,94701,
524,,,,94357,
526,,,,94020,
528,,,,93681,
530,,,,93347,
532,,,,93020,
534,,,,92698,
536,,,,92375,
538,,,,91972,
540,,,,91635,
542,,,,91294,
544,,,,90966,
546,,,,90518,
548,,,,90197,
550,,,,89866,
552,,,,89528,
554,,,,89204,
556,,,,88887,
558,,,,88566,
560,,,,88238,
562,,,,87938,
564,,,,87597,
566,,,,87267,
568,,,,86932,
570,,,,86588,
572,,,,86251,
574,,,,85908,
576,,,,85577,
578,,,,85217,
580,,,,84880,
582,,,,84543,
584,,,,84205,
586,,,,83880,
588,,,,83540,
590,,,,83202,
592,,,,82855,
594,,,,82492,
596,,,,82159,
598,,,,81816,
600,,,,81478,
602,,,,81140,
604,,,,80807,
606,,,,79869,
608,,,,79519,
610,,,,79011,
612,,,,78684,
614,,,,78363,
616,,,,78040,
618,,,,77697,
620,,,,77394,
622,,,,77064,
624,,,,72727,
626,,,,72379,
628,,,,72041,
630,,,,71715,
632,,,,71390,
634,,,,71050,
636,,,,70705,
638,,,,70372,
640,,,,70044,
642,,,,69719,
644,,,,69162,
646,,,,68816,
648,,,,68472,
650,,,,67009,
652,,,,66669,
654,,,,66259,
656,,,,65918,
658,,,,65509,
660,,,,65089,
662,,,,64750,
664,,,,64405,
666,,,,64066,
668,,,,63731,
670,,,,63400,
672,,,,63075,
674,,,,62755,
676,,,,62426,
678,,,,62083,
680,,,,61756,
682,,,,61431,
684,,,,61109,
686,,,,60779,
688,,,,60434,
690,,,,60108,
692,,,,59770,
694,,,,59430,
696,,,,59088,
698,,,,58748,
700,,,,58403,
702,,,,58061,
704,,,57728,,
706,,,57374,,
708,,,56413,,
710,,,55989,,
712,,,55639,,
714,,,55296,,
716,,,54962,,
718,,,54635,,
720,,,54295,,
722,,,53942,,
724,,,53609,,
726,,,53276,,
728,,,52944,,
730,,,52601,,
732,,,52262,,
734,,,51898,,
736,,,51555,,
738,,,51210,,
740,,,50868,,
742,,,50493,,
744,,,50146,,
746,,,49799,,
748,,,48562,,
750,,,48189,,
752,52199,,,,
754,51792,,,,
756,52146,,,,
758,50725,,,,
760,55775,,,,
762,54708,,,,
764,55194,,,,
766,53942,,,,
768,57720,,,,
770,57745,,,,
772,57063,,,,
774,56802,,,,
776,60228,,,,
778,59606,,,,
780,59508,,,,
782,59031,,,,
784,62149,,,,
786,61819,,,,
788,61499,,,,
790,61135,,,,
792,65343,,,,
794,64408,,,,
796,64075,,,,
798,62424,,,,
800,73621,,,,
802,68347,,,,
804,69747,,,,
806,66968,,,,
808,76588,,,,
810,75844,,,,
812,75935,,,,
814,76060,,,,
816,79591,,,,
818,79020,,,,
820,78544,,,,
822,78191,,,,
824,,82000,,,
826,,81215,,,
828,,80844,,,
830,,80768,,,
832,,84078,,,
834,,83524,,,
836,,83636,,,
838,,83033,,,
840,,86200,,,
842,,85989,,,
844,,85487,,,
846,,85077,,,
848,,88239,,,
850,,87805,,,
852,,87441,,,
854,,86963,,,
856,,89955,,,
858,,89898,,,
860,,89228,,,
862,,89001,,,
864,,93223,,,
866,,92829,,,
868,,92441,,,
870,,92057,,,
872,,95074,,,
874,,94663,,,
876,,94314,,,
878,,93955,,,
880,,96903,,,
882,,96569,,,
884,,96774,,,
886,,96035,,,
888,,102068,,,
890,,100452,,,
892,,100558,,,
894,,101740,,,
896,,104801,,,
898,,103777,,,
900,,103375,,,
902,,103899,,,
904,,107101,,,
906,,106529,,,
908,,106622,,,
910,,105767,,,
912,,109876,,,
914,,108237,,,
916,,109185,,,
918,,107877,,,
920,,111784,,,
922,,111652,,,
924,,112020,,,
926,,111399,,,
928,,,,131101,
930,,,,130755,
932,,,,130416,
934,,,,130072,
936,,,,129734,
938,,,,129387,
940,,,,129040,
942,,,,128700,
944,,,,128349,
946,,,,128004,
948,,,,127665,
950,,,,127318,
952,,,,126974,
954,,,,126635,
956,,,,126288,
958,,,,125913,
960,,,,125558,
962,,,,125201,
964,,,,124841,
966,,,,124480,
968,,,,123729,
970,,,,123358,
972,,,,122983,
974,,,,122535,
976,,,,122165,
978,,,,121807,
980,,,,121447,
982,,,,121010,
984,,,,120685,
986,,,,120282,
988,,,,119931,
990,,,,119585,
992,,,,119208,
994,,,,118840,
996,,,,118467,
998,,,,118104,
1000,,,,117759,
1002,,,,117394,
1004,,,,117041,
1006,,,,116707,
1008,,,,116370,
1010,,,,116032,
1012,,,,115695,
1014,,,,115360,
1016,,,,115020,
1018,,,,114687,
1020,,,,114349,
1022,,,,114010,
1024,,,,113662,
1026,,,,113317,
1028,,,,112968,
1030,,,,112628,
1032,,,,112290,
1034,,,,111924,
1036,,,,111580,
1038,,,,111140,
1040,,,,110809,
1042,,,,110442,
1044,,,,110085,
1046,,,,109697,
1048,,,,109350,
1050,,,,109010,
1052,,,,108671,
1054,,,,108283,
1056,,,,107946,
1058,,,,107615,
1060,,,,107278,
1062,,,,106941,
1064,,,,106595,
1066,,,,106253,
1068,,,,105860,
1070,,,,105526,
1072,,,,105194,
1074,,,,104865,
1076,,,,104537,
1078,,,,104207,
1080,,,,103855,
1082,,,,103508,
1084,,,103172,,
1086,,,102824,,
1088,,,102462,,
1090,,,102110,,
1092,,,101766,,
1094,,,101318,,
1096,,,100802,,
1098,,,100450,,
1100,,,100130,,
1102,,,99647,,
1104,,,99303,,
1106,,,98953,,
1108,,,98592,,
1110,,,98235,,
1112,,,97864,,
1114,,,97533,,
1116,,,97205,,
1118,,,96865,,
1120,,,96539,,
1122,,,96201,,
1124,,,95851,,
1126,,,95514,,
1128,,,95161,,
1130,,,94790,,
1132,,,94443,,
1134,,,94076,,
1136,,,93737,,
1138,,,93383,,
1140,,,93054,,
1142,,,92593,,
1144,,,92261,,
1146,,,91918,,
1148,,,91568,,
1150,,,91216,,
1152,,,90878,,
1154,,,90481,,
1156,,,90142,,
1158,,,89779,,
1160,,,88896,,
1162,,,88517,,
1164,,,88179,,
1166,,,87825,,
1168,,,87490,,
1170,,,87157,,
1172,,,86822,,
1174,,,86484,,
1176,,,86189,,
1178,,,85849,,
1180,,,85516,,
1182,,,85184,,
1184,,,84742,,
1186,,,84370,,
1188,,,84015,,
1190,,,83663,,
1192,,,83325,,
1194,,,82988,,
1196,,,82644,,
1198,,,82307,,
1200,,,81960,,
1202,,,81498,,
1204,,,80972,,
1206,,,80620,,
1208,,,80196,,
1210,,,79842,,
1212,,,79519,,
1214,,,79178,,
1216,,,78853,,
1218,,,78513,,
1220,,,78166,,
1222,,,77821,,
1224,,,,77484,
1226,,,,77138,
1228,,,,76805,
1230,,,,76455,
1232,,,,76106,
1234,,,,75771,
1236,,,,75443,
1238,,,,75110,
1240,,,,74770,
1242,,,,74430,
1244,,,,74082,
1246,,,,73751,
1248,,,,73411,
1250,,,,73084,
1252,,,,72744,
1254,,,,72402,
1256,,,,72062,
1258,,,,71725,
1260,,,,71382,
1262,,,,71051,
1264,,,,70719,
1266,,,,70400,
1268,,,,70068,
1270,,,,69736,
1272,,,,69405,
1274,,,,69067,
1276,,,,68734,
1278,,,,68399,
1280,,,,68051,
1282,,,,67718,
1284,,,,67389,
1286,,,,67050,
1288,,,,66714,
1290,,,,66371,
1292,,,,66039,
1294,,,,65694,
1296,,,,65355,
1298,,,,65027,
1300,,,,64685,
1302,,,,64337,
1304,,,,63979,
1306,,,,63634,
1308,,,,63289,
1310,,,,62952,
1312,,,,62620,
1314,,,,62291,
1316,,,,61849,
1318,,,,61513,
1320,,,,61149,
1322,,,,60818,
1324,,,,60483,
1326,,,,60151,
1328,,,,59816,
1330,,,,59484,
1332,,,,59159,
1334,,,,58828,
1336,,,,58492,
1338,,,,58159,
1340,,,,57815,
1342,,,,57483,
1344,,,,57149,
1346,,,,56818,
1348,,,,56491,
1350,,,,56163,
1352,,,,55821,
1354,,,,55467,
1356,,,,55131,
1358,,,,54775,
1360,,,,54431,
1362,,,,54105,
1364,,,,53741,
1366,,,,53402,
1368,,,,53075,
1370,,,,52746,
1372,,,,52391,
1374,,,,52052,
1376,,,,51714,
1378,,,,51371,
1380,,,,51028,
1382,,,,50662,
1384,,,,50314,
1386,,,,49983,
1388,,,,49642,
1390,,,,49301,
1392,,,,48964,
1394,,,,48638,
1396,,,,48304,
1398,,,,47969,
1400,,,,47625,
1402,,,,47292,
1404,,,,46961,
1406,,,,46626,
1408,,,,46286,
1410,,,,45938,
1412,,,,45608,
1414,,,,45266,
1416,,,,44914,
1418,,,,44576,
1420,,,,44233,
1422,,,,43893,
1424,,,,43548,
1426,,,,43204,
1428,,,,42856,
1430,,,,42502,
1432,,,,42147,
1434,,,,41790,
1436,,,,41438,
1438,,,,41098,
1440,,,,40754,
1442,,,,40418,
1444,,,,40084,
1446,,,,39734,
1448,,,,39402,
1450,,,,39064,
1452,,,,38736,
1454,,,,38400,
1456,,,,38037,
1458,,,,37695,
1460,,,,37353,
1462,,,,36926,
1464,,,,36536,
1466,,,,36013,
1468,,,,35679,
1470,,,,35341,
1472,,,,34990,
1474,,,,34643,
1476,,,,34295,
1478,,,,33961,
1480,,,,33626,
1482,,,,33276,
1484,,,,32938,
1486,,,32592,,
1488,,,32264,,
1490,36346,,,,
1492,,,31557,,
1494,34736,,,,
1496,34909,,,,
1498,33923,,,,
1500,37511,,,,
1502,39239,,,,
1504,36848,,,,
1506,44382,,,,
1508,39812,,,,
1510,44373,,,,
1512,43602,,,,
1514,47561,,,,
1516,42753,,,,
1518,47128,,,,
1520,46238,,,,
1522,45523,,,,
1524,49328,,,,
1526,49138,,,,
1528,48705,,,,
1530,52317,,,,
1532,47547,,,,
1534,51027,,,,
1536,50081,,,,
1538,54142,,,,
1540,49364,,,,
1542,53318,,,,
1544,52594,,,,
1546,56090,,,,
1548,51946,,,,
1550,55231,,,,
1552,54806,,,,
1554,54562,,,,
1556,57547,,,,
1558,57163,,,,
1560,57061,,,,
1562,57236,,,,
1564,60866,,,,
1566,59597,,,,
1568,59348,,,,
1570,59593,,,,
1572,62686,,,,
1574,62365,,,,
1576,61990,,,,
1578,61584,,,,
1580,64500,,,,
1582,64107,,,,
1584,64015,,,,
1586,69246,,,,
1588,63323,,,,
1590,67579,,,,
1592,67244,,,,
1594,74291,,,,
1596,68853,,,,
1598,73803,,,,
1600,73429,,,,
1602,76049,,,,
1604,72793,,,,
1606,75339,,,,
1608,74925,,,,
1610,74734,,,,
1612,77605,,,,
1614,76891,,,,
1616,77001,,,,
1618,76377,,,,
1620,79577,,,,
1622,,79222,,,
1624,,78851,,,
1626,,78512,,,
1628,,81503,,,
1630,,81141,,,
1632,,80545,,,
1634,,80109,,,
1636,,83698,,,
1638,,84056,,,
1640,,84237,,,
1642,,82944,,,
1644,,86749,,,
1646,,89140,,,
1648,,86125,,,
1650,,85708,,,
1652,,93408,,,
1654,,91295,,,
1656,,91228,,,
1658,,90752,,,
1660,,96202,,,
1662,,96469,,,
1664,,95510,,,
1666,,95373,,,
1668,,100000,,,
1670,,99891,,,
1672,,98413,,,
1674,,98132,,,
1676,,102215,,,
1678,,102129,,,
1680,,101040,,,
1682,,100993,,,
1684,,104190,,,
1686,,103913,,,
1688,,103764,,,
1690,,103404,,,
1692,,106034,,,
1694,,108773,,,
1696,,105427,,,
1698,,105132,,,
1700,,,,129693,
1702,,,,129382,
1704,,,,129052,
1706,,,,128710,
1708,,,,128366,
1710,,,,128034,
1712,,,,127696,
1714,,,,127348,
1716,,,,127009,
1718,,,,126560,
1720,,,,126192,
1722,,,,125695,
1724,,,,125327,
1726,,,,124982,
1728,,,,124645,
1730,,,,124264,
1732,,,,123922,
1734,,,,123592,
1736,,,,123266,
1738,,,,122940,
1740,,,,122614,
1742,,,,122220,
1744,,,,121875,
1746,,,,121550,
1748,,,,120787,
1750,,,,120441,
1752,,,,120101,
1754,,,,119763,
1756,,,,119425,
1758,,,,118978,
1760,,,,118634,
1762,,,,118280,
1764,,,,117935,
1766,,,,117591,
1768,,,,117254,
1770,,,,116899,
1772,,,,116561,
1774,,,,116219,
1776,,,,115866,
1778,,,,115507,
1780,,,,115169,
1782,,,,114829,
1784,,,,114482,
1786,,,,114143,
1788,,,,113802,
1790,,,,113468,
1792,,,,113135,
1794,,,,112802,
1796,,,,112465,
1798,,,,112125,
1800,,,,111797,
1802,,,,111470,
1804,,,,111145,
1806,,,,110816,
1808,,,,110458,
1810,,,,110124,
1812,,,,109786,
1814,,,,109467,
1816,,,,109130,
1818,,,,108804,
1820,,,,108479,
1822,,,,108151,
1824,,,,107812,
1826,,,,107475,
1828,,,,107143,
1830,,,,106812,
1832,,,,106478,
1834,,,,106147,
1836,,,,105814,
1838,,,,105479,
1840,,,,105136,
1842,,,,104793,
1844,,,,104464,
1846,,,,104118,
1848,,,,103779,
1850,,,,103451,
1852,,,,103124,
1854,,,,102797,
1856,,,,102436,
1858,,,,102094,
1860,,,,101757,
1862,,,,101372,
1864,,,,101043,
1866,,,,100713,
1868,,,,100376,
1870,,,,100020,
1872,,,,99689,
1874,,,,99354,
1876,,,,99029,
1878,,,,98700,
1880,,,,98349,
1882,,,98002,,
1884,,,97651,,
1886,,,97306,,
1888,,,96949,,
1890,,,96627,,
1892,,,96281,,
1894,,,95931,,
1896,,,95582,,
1898,,,95250,,
1900,,,94904,,
1902,,,94563,,
1904,,,94112,,
1906,,,93746,,
1908,,,93386,,
1910,,,93057,,
1912,,,92710,,
1914,,,92375,,
1916,,,92028,,
1918,,,91707,,
1920,,,91360,,
1922,,,91033,,
1924,,,90681,,
1926,,,90328,,
1928,,,89976,,
1930,,,89640,,
1932,,,89306,,
1934,,,88974,,
1936,,,88622,,
1938,,,88327,,
1940,,,87972,,
1942,,,87640,,
1944,,,87284,,
1946,,,86991,,
1948,,,86627,,
1950,,,86311,,
1952,,,85960,,
1954,,,85632,,
1956,,,85281,,
1958,,,84953,,
1960,,,84602,,
1962,,,84268,,
1964,,,83925,,
1966,,,,83592,
1968,,,,83258,
1970,,,,82906,
1972,,,,82559,
1974,,,,82204,
1976,,,,81873,
1978,,,,81526,
1980,,,,81175,
1982,,,,80841,
1984,,,,80305,
1986,,,,79966,
1988,,,,79624,
1990,,,,79294,
1992,,,,78896,
1994,,,,78425,
1996,,,,78072,
1998,,,,77413,
2000,,,,77076,
2002,,,,76658,
2004,,,,76285,
2006,,,,75925,
2008,,,,75582,
2010,,,,75243,
2012,,,,74900,
2014,,,,74565,
2016,,,,74217,
2018,,,,73878,
2020,,,,73537,
2022,,,,73192,
2024,,,,72858,
2026,,,,72524,
2028,,,,72185,
2030,,,,71838,
2032,,,,71503,
2034,,,,71158,
2036,,,,70824,
2038,,,,70488,
2040,,,,70155,
2042,,,,69810,
2044,,,,69480,
2046,,,,69145,
2048,,,,68836,
2050,,,,68506,
2052,,,,68177,
2054,,,,67849,
2056,,,,67522,
2058,,,,67193,
2060,,,,66867,
2062,,,,66524,
2064,,,,66199,
2066,,,,65874,
2068,,,,65541,
2070,,,,65198,
2072,,,,64854,
2074,,,,64523,
2076,,,,64196,
2078,,,,63858,
2080,,,,63514,
2082,,,,63169,
2084,,,,62814,
2086,,,,61914,
2088,,,,61554,
2090,,,,61226,
2092,,,,60866,
2094,,,,60513,
2096,,,,59681,
2098,,,,59353,
2100,,,,59028,
2102,,,,58693,
2104,,,,58360,
2106,,,,58028,
2108,,,,57693,
2110,,,,57354,
2112,,,,57007,
2114,,,,56659,
2116,,,,56294,
2118,,,,55927,
2120,,,,55569,
2122,,,,55206,
2124,,,,54847,
2126,,,,54480,
2128,,,,54081,
2130,,,,53742,
2132,,,,53393,
2134,,,,53042,
2136,,,,52691,
2138,,,,52354,
2140,,,,52016,
2142,,,,51681,
2144,,,,51335,
2146,,,,50978,
2148,,,,50645,
2150,,,,50311,
2152,,,,49975,
2154,,,,49634,
2156,,,,49320,
2158,,,,48972,
2160,,,,48573,
2162,,,,48218,
2164,,,,47869,
2166,,,,47522,
2168,,,,47188,
2170,,,,46851,
2172,,,,46507,
2174,,,,46170,
2176,,,,45833,
2178,,,,45492,
2180,,,,45155,
2182,,,,44815,
2184,,,,44479,
2186,,,,44142,
2188,,,,43777,
2190,,,,43444,
2192,,,,43110,
2194,,,,42765,
2196,,,,42431,
2198,,,,42097,
2200,,,,41747,
2202,,,,41406,
2204,,,,41076,
2206,,,,40743,
2208,,,,40413,
2210,,,,40076,
2212,,,,39743,
2214,,,,39403,
2216,,,,39038,
2218,,,,38692,
2220,,,,38284,
2222,,,,37932,
2224,,,,37590,
2226,,,,37252,
2228,,,36623,,
2230,,,36274,,
2232,,,35928,,
2234,,,35573,,
2236,,,35246,,
2238,,,34892,,
2240,,,34581,,
2242,,,34238,,
2244,38078,,,,
2246,40525,,,,
2248,40452,,,,
2250,36753,,,,
2252,44000,,,,
2254,44191,,,,
2256,43368,,,,
2258,43336,,,,
2260,46717,,,,
2262,45702,,,,
2264,45724,,,,
2266,45352,,,,
2268,52890,,,,
2270,48553,,,,
2272,49260,,,,
2274,48059,,,,
2276,54547,,,,
2278,56248,,,,
2280,54537,,,,
2282,53493,,,,
2284,59176,,,,
2286,57431,,,,
2288,57706,,,,
2290,57122,,,,
2292,60726,,,,
2294,60249,,,,
2296,60048,,,,
2298,58287,,,,
2300,64541,,,,
2302,63167,,,,
2304,63582,,,,
2306,63244,,,,
2308,65721,,,,
2310,68520,,,,
2312,64864,,,,
2314,68012,,,,
2316,72872,,,,
2318,72576,,,,
2320,72877,,,,
2322,72538,,,,
2324,80015,,,,
2326,79588,,,,
2328,77276,,,,
2330,74659,,,,
2332,81972,,,,
2334,82446,,,,
2336,81330,,,,
2338,81048,,,,
2340,84829,,,,
2342,85016,,,,
2344,84278,,,,
2346,83865,,,,
2348,88444,,,,
2350,88452,,,,
2352,87775,,,,
2354,87617,,,,
2356,92066,,,,
2358,91336,,,,
2360,91218,,,,
2362,91339,,,,
2364,,95117,,,
2366,,93887,,,
2368,,93942,,,
2370,,93829,,,
2372,,97028,,,
2374,,96686,,,
2376,,96753,,,
2378,,96521,,,
2380,,99543,,,
2382,,99158,,,
2384,,98864,,,
2386,,98736,,,
2388,,101915,,,
2390,,101330,,,
2392,,101066,,,
2394,,100938,,,
2396,,103883,,,
2398,,103177,,,
2400,,103245,,,
2402,,103572,,,
2404,,107084,,,
2406,,106811,,,
2408,,105593,,,
2410,,105191,,,
2412,,109387,,,
2414,,109075,,,
2416,,108739,,,
2418,,108417,,,
2420,,111787,,,
2422,,110688,,,
2424,,110838,,,
2426,,110505,,,
2428,,113632,,,
2430,,113299,,,
2432,,112894,,,
2434,,112522,,,
2436,,115398,,,
2438,,115203,,,
2440,,115089,,,
2442,,114391,,,
2444,,,,138657,
2446,,,,138314,
2448,,,,137964,
2450,,,,137634,
2452,,,,137295,
2454,,,,136944,
2456,,,,136607,
2458,,,,136258,
2460,,,,135922,
2462,,,,135568,
2464,,,,135228,
2466,,,,134868,
2468,,,,134532,
2470,,,,134203,
2472,,,,133873,
2474,,,,133536,
2476,,,,133208,
2478,,,,132871,
2480,,,,132535,
2482,,,,132200,
2484,,,,131864,
2486,,,,131516,
2488,,,,131178,
2490,,,,130840,
2492,,,,130507,
2494,,,,130170,
2496,,,,129856,
2498,,,,129521,
2500,,,,129173,
2502,,,,128832,
2504,,,,128448,
2506,,,,126990,
2508,,,,126662,
2510,,,,126325,
2512,,,,125977,
2514,,,,125611,
2516,,,,125244,
2518,,,,124904,
2520,,,,124568,
2522,,,,124223,
2524,,,,123847,
2526,,,,123462,
2528,,,,123119,
2530,,,,122758,
2532,,,,122386,
2534,,,,122051,
2536,,,,121715,
2538,,,,121371,
2540,,,,120987,
2542,,,,120640,
2544,,,,120310,
2546,,,,119930,
2548,,,,119594,
2550,,,,119260,
2552,,,,118918,
2554,,,,118587,
2556,,,,118256,
2558,,,,117930,
2560,,,,117585,
2562,,,,117257,
2564,,,,116927,
2566,,,,116590,
2568,,,,116250,
2570,,,,115927,
2572,,,,115596,
2574,,,,115251,
2576,,,,114908,
2578,,,,114576,
2580,,,,114244,
2582,,,,113917,
2584,,,,113587,
2586,,,,113251,
2588,,,,112912,
2590,,,,112572,
2592,,,,112224,
2594,,,,111875,
2596,,,,111529,
2598,,,,111199,
2600,,,,110877,
2602,,,,110549,
2604,,,,110247,
2606,,,,109902,
2608,,,,109552,
2610,,,,109218,
2612,,,,107863,
2614,,,,107515,
2616,,,,107174,
2618,,,,106788,
2620,,,,106483,
2622,,,,106139,
2624,,,,105790,
2626,,,,105458,
2628,,,,105127,
2630,,,104771,,
2632,,,104440,,
2634,,,104111,,
2636,,,103758,,
2638,,,103408,,
2640,,,103058,,
2642,,,102731,,
2644,,,102385,,
2646,,,102059,,
2648,,,101716,,
2650,,,101388,,
2652,,,101036,,
2654,,,100718,,
2656,,,100370,,
2658,,,100033,,
2660,,,99701,,
2662,,,99380,,
2664,,,99030,,
2666,,,98695,,
2668,,,98361,,
2670,,,98031,,
2672,,,97703,,
2674,,,97364,,
2676,,,97007,,
2678,,,96541,,
2680,,,96200,,
2682,,,95860,,
2684,,,95511,,
2686,,,95162,,
2688,,,94752,,
2690,,,94391,,
2692,,,94040,,
2694,,,93707,,
2696,,,93366,,
2698,,,93046,,
2700,,,92701,,
2702,,,92382,,
2704,,,92028,,
2706,,,91704,,
2708,,,91353,,
2710,,,91033,,
2712,,,90696,,
2714,,,90378,,
2716,,,89995,,
2718,,,89663,,
2720,,,89301,,
2722,,,88956,,
2724,,,88596,,
2726,,,88260,,
2728,,,87910,,
2730,,,87592,,
2732,,,87261,,
2734,,,86933,,
2736,,,86584,,
2738,,,86256,,
2740,,,85841,,
2742,,,85465,,
2744,,,85105,,
2746,,,84761,,
2748,,,84425,,
2750,,,84080,,
2752,,,83702,,
2754,,,83373,,
2756,,,83021,,
2758,,,82698,,
2760,,,82356,,
2762,,,,82030,
2764,,,,81694,
2766,,,,81359,
2768,,,,81027,
2770,,,,80697,
2772,,,,80363,
2774,,,,80036,
2776,,,,79692,
2778,,,,79394,
2780,,,,79052,
2782,,,,78725,
2784,,,,78381,
2786,,,,78034,
2788,,,,77700,
2790,,,,77367,
2792,,,,77040,
2794,,,,76714,
2796,,,,76378,
2798,,,,76049,
2800,,,,75720,
2802,,,,75395,
2804,,,,75031,
2806,,,,74694,
2808,,,,74357,
2810,,,,73976,
2812,,,,73644,
2814,,,,73284,
2816,,,,72900,
2818,,,,72550,
2820,,,,72208,
2822,,,,71857,
2824,,,,71534,
2826,,,,71233,
2828,,,,70881,
2830,,,,70524,
2832,,,,70190,
2834,,,,69386,
2836,,,,69009,
2838,,,,68660,
2840,,,,68299,
2842,,,,67954,
2844,,,,67618,
2846,,,,67296,
2848,,,,66954,
2850,,,,66571,
2852,,,,66231,
2854,,,,65879,
2856,,,,65547,
2858,,,,65213,
2860,,,,64879,
2862,,,,64536,
2864,,,,64208,
2866,,,,63884,
2868,,,,63557,
2870,,,,63232,
2872,,,,62897,
2874,,,,62566,
2876,,,,62232,
2878,,,,61887,
2880,,,,61558,
2882,,,,61231,
2884,,,,60892,
2886,,,,60549,
2888,,,,60222,
2890,,,,59897,
2892,,,,59566,
2894,,,,59235,
2896,,,,58945,
2898,,,,58566,
2900,,,,58239,
2902,,,,57920,
2904,,,,57586,
2906,,,,57245,
2908,,,,56917,
2910,,,,56582,
2912,,,,56259,
2914,,,,55934,
2916,,,,55607,
2918,,,,55278,
2920,,,,54954,
2922,,,,54618,
2924,,,,54290,
2926,,,,53967,
2928,,,,53644,
2930,,,,53314,
2932,,,,52981,
2934,,,,52662,
2936,,,,52340,
2938,,,,51999,
2940,,,,51672,
2942,,,,51374,
2944,,,,51050,
2946,,,,50720,
2948,,,,50385,
2950,,,,50047,
2952,,,,49717,
2954,,,,49383,
2956,,,,49035,
2958,,,,48707,
2960,,,,48378,
2962,,,,48046,
2964,,,,47721,
2966,,,,47092,
2968,,,,46752,
2970,,,,46413,
2972,,,,46087,
2974,,,,45755,
2976,,,,45419,
2978,,,,45094,
2980,,,,44773,
2982,,,,44452,
2984,,,,44094,
2986,,,,43766,
2988,,,,43434,
2990,,,,43105,
2992,,,,42768,
2994,,,,42445,
2996,,,,42026,
2998,,,,41630,
3000,,,,41296,
3002,,,,40967,
3004,,,,40626,
3006,,,,40265,
3008,,,,39932,
3010,,,,39599,
3012,,,,39271,
3014,,,,38946,
3016,,,,38601,
3018,,,37325,,
3020,,,36979,,
3022,40678,,,,
3024,43358,,,,
3026,41922,,,,
3028,39826,,,,
3030,49244,,,,
3032,45075,,,,
3034,45267,,,,
3036,45132,,,,
3038,51929,,,,
3040,51573,,,,
3042,52252,,,,
3044,50278,,,,
3046,58620,,,,
3048,55257,,,,
3050,53874,,,,
3052,54758,,,,
3054,62129,,,,
3056,61784,,,,
3058,59925,,,,
3060,59713,,,,
3062,64442,,,,
3064,63398,,,,
3066,63043,,,,
3068,63390,,,,
3070,65186,,,,
3072,65696,,,,
3074,65433,,,,
3076,69334,,,,
3078,78457,,,,
3080,78211,,,,
3082,67511,,,,
3084,68130,,,,
3086,75070,,,,
3088,75323,,,,
3090,74972,,,,
3092,73258,,,,
3094,,77557,,,
3096,,78143,,,
3098,,77297,,,
3100,,76951,,,
3102,,80421,,,
3104,,80649,,,
3106,,80055,,,
3108,,81564,,,
3110,,89103,,,
3112,,88932,,,
3114,,84986,,,
3116,,86934,,,
3118,,91246,,,
3120,,91262,,,
3122,,90426,,,
3124,,90391,,,
3126,,93831,,,
3128,,93288,,,
3130,,92947,,,
3132,,92588,,,
3134,,95790,,,
3136,,95414,,,
3138,,95377,,,
3140,,94628,,,
3142,,97966,,,
3144,,97504,,,
3146,,97309,,,
3148,,96728,,,
3150,,99473,,,
3152,,99193,,,
3154,,98845,,,
3156,,98588,,,
3158,,102262,,,
3160,,102450,,,
3162,,101532,,,
3164,,101215,,,
3166,,104646,,,
3168,,104400,,,
3170,,103681,,,
3172,,103467,,,
3174,,109439,,,
3176,,106216,,,
3178,,105961,,,
3180,,105521,,,
3182,,111104,,,
3184,,111425,,,
3186,,110676,,,
3188,,111150,,,
3190,,114014,,,
3192,,114241,,,
3194,,113653,,,
3196,,112955,,,
3198,,,,133209,
3200,,,,132865,
3202,,,,132492,
3204,,,,132126,
3206,,,,131758,
3208,,,,131391,
3210,,,,131027,
3212,,,,130644,
3214,,,,130287,
3216,,,,129926,
3218,,,,129571,
3220,,,,129232,
3222,,,,128904,
3224,,,,128579,
3226,,,,128245,
3228,,,,127873,
3230,,,,127514,
3232,,,,127173,
3234,,,,126837,
3236,,,,126502,
3238,,,,126151,
3240,,,,125805,
3242,,,,125472,
3244,,,,125131,
3246,,,,124779,
3248,,,,124404,
3250,,,,124033,
3252,,,,123678,
3254,,,,123351,
3256,,,,123011,
3258,,,,122664,
3260,,,,122327,
3262,,,,121667,
3264,,,,121327,
3266,,,,120984,
3268,,,,120647,
3270,,,,120312,
3272,,,,119970,
3274,,,,119641,
3276,,,,119310,
3278,,,,118952,
3280,,,,118606,
3282,,,,118272,
3284,,,,117929,
3286,,,,117585,
3288,,,,117236,
3290,,,,116901,
3292,,,,116562,
3294,,,,116196,
3296,,,,115856,
3298,,,,115516,
3300,,,,115182,
3302,,,,114826,
3304,,,,114491,
3306,,,,114130,
3308,,,,113799,
3310,,,,113468,
3312,,,,113108,
3314,,,,112772,
3316,,,,112438,
3318,,,,112087,
3320,,,,111758,
3322,,,,111422,
3324,,,,111058,
3326,,,,110701,
3328,,,,110372,
3330,,,,110045,
3332,,,,109715,
3334,,,,109273,
3336,,,,108920,
3338,,,,108539,
3340,,,,107922,
3342,,,,107546,
3344,,,,107182,
3346,,,,106818,
3348,,,,106480,
3350,,,,106148,
3352,,,,105806,
3354,,,,105468,
3356,,,,105127,
3358,,,,104788,
3360,,,104425,,
3362,,,104063,,
3364,,,103716,,
3366,,,103357,,
3368,,,103035,,
3370,,,102482,,
3372,,,102086,,
3374,,,101729,,
3376,,,101390,,
3378,,,101053,,
3380,,,100709,,
3382,,,100338,,
3384,,,99992,,
3386,,,99629,,
3388,,,99292,,
3390,,,98971,,
3392,,,98639,,
3394,,,98291,,
3396,,,97953,,
3398,,,97617,,
3400,,,97291,,
3402,,,96935,,
3404,,,96576,,
3406,,,96213,,
3408,,,95837,,
3410,,,95475,,
3412,,,95108,,
3414,,,94747,,
3416,,,94397,,
3418,,,94053,,
3420,,,93575,,
3422,,,93231,,
3424,,,92884,,
3426,,,92533,,
3428,,,92206,,
3430,,,90663,,
3432,,,90321,,
3434,,,89897,,
3436,,,89572,,
3438,,,89208,,
3440,,,88877,,
3442,,,88517,,
3444,,,88193,,
3446,,,87857,,
3448,,,87560,,
3450,,,87200,,
3452,,,86871,,
3454,,,86521,,
3456,,,86117,,
3458,,,85750,,
3460,,,85401,,
3462,,,84697,,
3464,,,84369,,
3466,,,84035,,
3468,,,83699,,
3470,,,83334,,
3472,,,82581,,
3474,,,82171,,
3476,,,81838,,
3478,,,81493,,
3480,,,81170,,
3482,,,80837,,
3484,,,80488,,
3486,,,80157,,
3488,,,79835,,
3490,,,79471,,
3492,,,79178,,
3494,,,78576,,
3496,,,78241,,
3498,,,77907,,
3500,,,,77524,
3502,,,,77189,
3504,,,,76768,
3506,,,,76417,
3508,,,,76086,
3510,,,,75754,
3512,,,,75358,
3514,,,,75017,
3516,,,,74674,
3518,,,,74341,
3520,,,,74016,
3522,,,,73686,
3524,,,,73359,
3526,,,,73025,
3528,,,,72691,
3530,,,,72340,
3532,,,,72005,
3534,,,,71660,
3536,,,,71326,
3538,,,,70992,
3540,,,,70642,
3542,,,,70309,
3544,,,,69984,
3546,,,,69650,
3548,,,,69311,
3550,,,,68967,
3552,,,,68627,
3554,,,,68318,
3556,,,,67976,
3558,,,,67641,
3560,,,,67304,
3562,,,,66946,
3564,,,,66259,
3566,,,,65895,
3568,,,,65542,
3570,,,,65182,
3572,,,,64833,
3574,,,,64490,
3576,,,,64175,
3578,,,,63836,
3580,,,,63485,
3582,,,,63123,
3584,,,,62760,
3586,,,,62417,
3588,,,,62069,
3590,,,,61729,
3592,,,,61267,
3594,,,,60934,
3596,,,,60607,
3598,,,,60282,
3600,,,,59945,
3602,,,,59598,
3604,,,,59258,
3606,,,,58932,
3608,,,,58623,
3610,,,,58291,
3612,,,,57953,
3614,,,,57617,
3616,,,,57284,
3618,,,,56955,
3620,,,,56622,
3622,,,,56297,
3624,,,,55966,
3626,,,,55638,
3628,,,,55306,
3630,,,,54966,
3632,,,,54640,
3634,,,,54311,
3636,,,,53975,
3638,,,,53643,
3640,,,,53316,
3642,,,,52990,
3644,,,,52659,
3646,,,,52325,
3648,,,,51998,
3650,,,,51670,
3652,,,,51337,
3654,,,,51004,
3656,,,,50679,
3658,,,,50354,
3660,,,,50024,
3662,,,,49690,
3664,,,,49357,
3666,,,,49024,
3668,,,,48689,
3670,,,,48348,
3672,,,,48022,
3674,,,,47681,
3676,,,,47349,
3678,,,,47008,
3680,,,,46697,
3682,,,,46357,
3684,,,,45999,
3686,,,,45652,
3688,,,,45321,
3690,,,,44980,
3692,,,,44619,
3694,,,,44276,
3696,,,,43934,
3698,,,,43436,
3700,,,,43081,
3702,,,,42737,
3704,,,,42400,
3706,,,,42058,
3708,,,,41726,
3710,,,,41392,
3712,,,,41041,
3714,,,,40713,
3716,,,,40385,
3718,,,,40056,
3720,,,,39728,
3722,,,,39394,
3724,,,,38683,
3726,,,,38337,
3728,,,,38006,
3730,,,,37680,
3732,,,,37353,
3734,,,,37010,
3736,,,,36678,
3738,,,,36346,
3740,,,,36012,
3742,,,,35683,
3744,,,,35342,
3746,,,,35011,
3748,,,,34684,
3750,,,,34359,
3752,,,,34028,
3754,,,,33702,
3756,,,,33375,
3758,,,,33048,
3760,40470,,,,
3762,36384,,,,
3764,36045,,,,
3766,35144,,,,
3768,42900,,,,
3770,42934,,,,
3772,41901,,,,
3774,41973,,,,
3776,45305,,,,
3778,45033,,,,
3780,44466,,,,
3782,44312,,,,
3784,48414,,,,
3786,48108,,,,
3788,47857,,,,
3790,47953,,,,
3792,50057,,,,
3794,49829,,,,
3796,50184,,,,
3798,48898,,,,
3800,52857,,,,
3802,52488,,,,
3804,51751,,,,
3806,51734,,,,
3808,56403,,,,
3810,55240,,,,
3812,54107,,,,
3814,53920,,,,
3816,57387,,,,
3818,56963,,,,
3820,57030,,,,
3822,55876,,,,
3824,59626,,,,
3826,59788,,,,
3828,62256,,,,
3830,58724,,,,
3832,65102,,,,
3834,64264,,,,
3836,64302,,,,
3838,63876,,,,
3840,67260,,,,
3842,66381,,,,
3844,65612,,,,
3846,65515,,,,
3848,72137,,,,
3850,70738,,,,
3852,71373,,,,
3854,74507,,,,
3856,78858,,,,
3858,77908,,,,
3860,77072,,,,
3862,77848,,,,
3864,81224,,,,
3866,80372,,,,
3868,80018,,,,
3870,80476,,,,
3872,84091,,,,
3874,83941,,,,
3876,82936,,,,
3878,83534,,,,
3880,86972,,,,
3882,86875,,,,
3884,86673,,,,
3886,85618,,,,
3888,89430,,,,
3890,89231,,,,
3892,88833,,,,
3894,88566,,,,
3896,91478,,,,
3898,90433,,,,
3900,,90724,,,
3902,,90006,,,
3904,,93115,,,
3906,,93764,,,
3908,,92706,,,
3910,,92058,,,
3912,,96099,,,
3914,,95800,,,
3916,,95855,,,
3918,,95730,,,
3920,,100347,,,
3922,,99474,,,
3924,,98867,,,
3926,,99035,,,
3928,,101442,,,
3930,,102635,,,
3932,,101335,,,
3934,,101831,,,
3936,,104620,,,
3938,,105066,,,
3940,,104250,,,
3942,,103655,,,
3944,,106136,,,
3946,,107538,,,
3948,,107126,,,
3950,,105720,,,
3952,,109861,,,
3954,,112681,,,
3956,,112403,,,
3958,,108478,,,
3960,,,,134683,
3962,,,,134339,
3964,,,,134018,
3966,,,,133640,
3968,,,,133290,
3970,,,,132991,
3972,,,,132645,
3974,,,,132293,
3976,,,,131935,
3978,,,,131594,
3980,,,,131243,
3982,,,,130906,
3984,,,,130573,
3986,,,,130233,
3988,,,,129886,
3990,,,,129553,
3992,,,,129222,
3994,,,,128878,
3996,,,,128524,
3998,,,,128193,
4000,,,,127864,
4002,,,,127497,
4004,,,,127147,
4006,,,,126727,
4008,,,,126382,
4010,,,,126052,
4012,,,,125723,
4014,,,,125327,
4016,,,,124990,
4018,,,,124646,
4020,,,,124287,
4022,,,,123868,
4024,,,,123537,
4026,,,,123206,
4028,,,,122841,
4030,,,,122506,
4032,,,,122175,
4034,,,,121845,
4036,,,,121512,
4038,,,,121166,
4040,,,,120836,
4042,,,,120502,
4044,,,,120177,
4046,,,,119841,
4048,,,,119442,
4050,,,,119005,
4052,,,,118657,
4054,,,,118321,
4056,,,,117973,
4058,,,,117642,
4060,,,,117293,
4062,,,,116940,
4064,,,,116601,
4066,,,,116248,
4068,,,,115914,
4070,,,,115572,
4072,,,,115235,
4074,,,,114906,
4076,,,,114579,
4078,,,,114247,
4080,,,,113910,
4082,,,,113577,
4084,,,,113248,
4086,,,,112907,
4088,,,,112571,
4090,,,,112227,
4092,,,,111874,
4094,,,,111535,
4096,,,,111201,
4098,,,,110865,
4100,,,,110525,
4102,,,,110192,
4104,,,,109864,
4106,,,,109535,
4108,,,,109204,
4110,,,,108875,
4112,,,,108450,
4114,,,,108084,
4116,,,,107726,
4118,,,,107365,
4120,,,,107009,
4122,,,,106669,
4124,,,,106341,
4126,,,,106004,
4128,,,,105674,
4130,,,,105342,
4132,,,,105007,
4134,,,,104673,
4136,,,,104346,
4138,,,,104011,
4140,,,,103663,
4142,,,,103325,
4144,,,,102988,
4146,,,,102648,
4148,,,,102312,
4150,,,,102008,
4152,,,,101672,
4154,,,,101345,
4156,,,,101017,
4158,,,100675,,
4160,,,100310,,
4162,,,99992,,
4164,,,99646,,
4166,,,99349,,
4168,,,99020,,
4170,,,98689,,
4172,,,98362,,
4174,,,98028,,
4176,,,97680,,
4178,,,97348,,
4180,,,97015,,
4182,,,96680,,
4184,,,96316,,
4186,,,95969,,
4188,,,95616,,
4190,,,95273,,
4192,,,94920,,
4194,,,94639,,
4196,,,94294,,
4198,,,93972,,
4200,,,93629,,
4202,,,93291,,
4204,,,92923,,
4206,,,92600,,
4208,,,92256,,
4210,,,91928,,
4212,,,91572,,
4214,,,91233,,
4216,,,90883,,
4218,,,90543,,
4220,,,90204,,
4222,,,89871,,
4224,,,89511,,
4226,,,89156,,
4228,,,88791,,
4230,,,88424,,
4232,,,88055,,
4234,,,87689,,
4236,,,87313,,
4238,,,,86947,
4240,,,,86396,
4242,,,,86035,
4244,,,,85680,
4246,,,,85316,
4248,,,,84847,
4250,,,,84468,
4252,,,,84103,
4254,,,,83725,
4256,,,,83349,
4258,,,,83013,
4260,,,,82677,
4262,,,,82357,
4264,,,,82009,
4266,,,,81662,
4268,,,,81329,
4270,,,,80989,
4272,,,,80599,
4274,,,,80252,
4276,,,,79906,
4278,,,,79569,
4280,,,,79232,
4282,,,,78878,
4284,,,,78543,
4286,,,,78195,
4288,,,,77850,
4290,,,,77495,
4292,,,,77160,
4294,,,,76818,
4296,,,,76474,
4298,,,,76132,
4300,,,,75799,
4302,,,,75453,
4304,,,,75124,
4306,,,,74796,
4308,,,,74458,
4310,,,,74121,
4312,,,,73774,
4314,,,,73439,
4316,,,,73101,
4318,,,,72769,
4320,,,,72418,
4322,,,,72078,
4324,,,,71724,
4326,,,,71398,
4328,,,,71061,
4330,,,,70720,
4332,,,,70419,
4334,,,,70087,
4336,,,,69747,
4338,,,,69412,
4340,,,,68962,
4342,,,,68627,
4344,,,,68297,
4346,,,,67963,
4348,,,,67617,
4350,,,,67273,
4352,,,,66940,
4354,,,,66526,
4356,,,,65588,
4358,,,,65237,
4360,,,,64894,
4362,,,,64555,
4364,,,,64203,
4366,,,,63867,
4368,,,,63531,
4370,,,,63186,
4372,,,,62804,
4374,,,,62464,
4376,,,,62115,
4378,,,,61784,
4380,,,,61445,
4382,,,,61082,
4384,,,,60739,
4386,,,,60392,
4388,,,,60059,
4390,,,,59710,
4392,,,,59364,
4394,,,,59019,
4396,,,,58677,
4398,,,,58344,
4400,,,,58008,
4402,,,,57664,
4404,,,,57329,
4406,,,,56995,
4408,,,,56471,
4410,,,,56135,
4412,,,,55803,
4414,,,,55474,
4416,,,,55148,
4418,,,,54811,
4420,,,,54275,
4422,,,,53935,
4424,,,,53596,
4426,,,,53239,
4428,,,,52903,
4430,,,,52563,
4432,,,,52223,
4434,,,,51838,
4436,,,,51360,
4438,,,,51018,
4440,,,,50665,
4442,,,,50329,
4444,,,,49982,
4446,,,,49636,
4448,,,,49292,
4450,,,,48951,
4452,,,,48609,
4454,,,,48263,
4456,,,,47922,
4458,,,,47587,
4460,,,,47243,
4462,,,,46832,
4464,,,,46252,
4466,,,,45788,
4468,,,,45453,
4470,,,,45101,
4472,,,,44768,
4474,,,,44433,
4476,,,,44100,
4478,,,,43724,
4480,,,,43372,
4482,,,,43065,
4484,,,,42715,
4486,,,,42380,
4488,,,,42035,
4490,,,,41694,
4492,,,,41356,
4494,,,,41026,
4496,,,,40680,
4498,,,,40347,
4500,,,,40005,
4502,,,,39663,
4504,,,,39330,
4506,,,,38989,
4508,,,38638,,
4510,,,38301,,
4512,,,37969,,
4514,,,37633,,
4516,,,37319,,
4518,,,36969,,
4520,42594,,,,
4522,39733,,,,
4524,42606,,,,
4526,38415,,,,
4528,48845,,,,
4530,48846,,,,
4532,44062,,,,
4534,43726,,,,
4536,51580,,,,
4538,51246,,,,
4540,50908,,,,
4542,50512,,,,
4544,53641,,,,
4546,53178,,,,
4548,53014,,,,
4550,52493,,,,
4552,57128,,,,
4554,56736,,,,
4556,56389,,,,
4558,55607,,,,
4560,59329,,,,
4562,58690,,,,
4564,58488,,,,
4566,58559,,,,
4568,61291,,,,
4570,61071,,,,
4572,59894,,,,
4574,60624,,,,
4576,66598,,,,
4578,64264,,,,
4580,65009,,,,
4582,65259,,,,
4584,68104,,,,
4586,70085,,,,
4588,67399,,,,
4590,69681,,,,
4592,78681,,,,
4594,80226,,,,
4596,75828,,,,
4598,78224,,,,
4600,84844,,,,
4602,82116,,,,
4604,82019,,,,
4606,84515,,,,
4608,88423,,,,
4610,88058,,,,
4612,87308,,,,
4614,87272,,,,
4616,90807,,,,
4618,90267,,,,
4620,89798,,,,
4622,89216,,,,
4624,92623,,,,
4626,92430,,,,
4628,,92166,,,
4630,,91409,,,
4632,,94738,,,
4634,,94367,,,
4636,,94086,,,
4638,,93655,,,
4640,,96719,,,
4642,,96846,,,
4644,,96018,,,
4646,,95634,,,
4648,,100496,,,
4650,,100265,,,
4652,,99795,,,
4654,,100166,,,
4656,,102705,,,
4658,,101941,,,
4660,,101643,,,
4662,,102141,,,
4664,,105284,,,
4666,,105352,,,
4668,,105391,,,
4670,,104528,,,
4672,,108562,,,
4674,,108103,,,
4676,,107517,,,
4678,,107782,,,
4680,,110612,,,
4682,,109651,,,
4684,,110108,,,
4686,,109728,,,
4688,,112488,,,
4690,,112609,,,
4692,,111957,,,
4694,,111907,,,
4696,,,,137424,
4698,,,,137087,
4700,,,,136174,
4702,,,,135825,
4704,,,,135473,
4706,,,,135114,
4708,,,,134759,
4710,,,,134418,
4712,,,,134047,
4714,,,,133681,
4716,,,,133286,
4718,,,,132923,
4720,,,,132566,
4722,,,,132202,
4724,,,,131863,
4726,,,,131516,
4728,,,,131170,
4730,,,,130832,
4732,,,,130484,
4734,,,,130147,
4736,,,,129770,
4738,,,,129401,
4740,,,,129032,
4742,,,,128669,
4744,,,,128299,
4746,,,,127932,
4748,,,,127562,
4750,,,,127195,
4752,,,,126837,
4754,,,,126479,
4756,,,,126111,
4758,,,,125361,
4760,,,,124983,
4762,,,,124623,
4764,,,,124272,
4766,,,,123931,
4768,,,,123579,
4770,,,,123229,
4772,,,,122854,
4774,,,,122491,
4776,,,,121250,
4778,,,,120899,
4780,,,,120556,
4782,,,,120180,
4784,,,,119825,
4786,,,,119448,
4788,,,,119019,
4790,,,,118676,
4792,,,,118343,
4794,,,,118011,
4796,,,,117653,
4798,,,,117312,
4800,,,,116972,
4802,,,,116635,
4804,,,,116300,
4806,,,,115967,
4808,,,,115628,
4810,,,,115276,
4812,,,,114943,
4814,,,,114608,
4816,,,,114275,
4818,,,,113933,
4820,,,,113603,
4822,,,,113274,
4824,,,,112938,
4826,,,,112599,
4828,,,,112269,
4830,,,,111955,
4832,,,,111623,
4834,,,,111272,
4836,,,,110918,
4838,,,,110583,
4840,,,,110236,
4842,,,,109898,
4844,,,,109569,
4846,,,,109238,
4848,,,,108895,
4850,,,,108551,
4852,,,,108213,
4854,,,,107880,
4856,,,,107523,
4858,,,,107179,
4860,,,,106846,
4862,,,,106495,
4864,,,,106161,
4866,,,,105828,
4868,,,,105499,
4870,,,,105173,
4872,,,,104838,
4874,,,,104492,
4876,,,,104146,
4878,,,,103299,
4880,,,,102942,
4882,,,,102590,
4884,,,,102247,
4886,,,,101885,
4888,,,,101522,
4890,,,,101181,
4892,,,,100832,
4894,,,,100482,
4896,,,,100141,
4898,,,99091,,
4900,,,98736,,
4902,,,98409,,
4904,,,98076,,
4906,,,97750,,
4908,,,97393,,
4910,,,97059,,
4912,,,96700,,
4914,,,96357,,
4916,,,96009,,
4918,,,95679,,
4920,,,95333,,
4922,,,95006,,
4924,,,94666,,
4926,,,94319,,
4928,,,93980,,
4930,,,93648,,
4932,,,93302,,
4934,,,92956,,
4936,,,92591,,
4938,,,92252,,
4940,,,91915,,
4942,,,91569,,
4944,,,91183,,
4946,,,90822,,
4948,,,90456,,
4950,,,90099,,
4952,,,89737,,
4954,,,89395,,
4956,,,89027,,
4958,,,88672,,
4960,,,88325,,
4962,,,87947,,
4964,,,87572,,
4966,,,87225,,
4968,,,86884,,
4970,,,86544,,
4972,,,86197,,
4974,,,85854,,
4976,,,85506,,
4978,,,85178,,
4980,,,84845,,
4982,,,84499,,
4984,,,84117,,
4986,,,83790,,
4988,,,83439,,
4990,,,83105,,
4992,,,82772,,
4994,,,82434,,
4996,,,82092,,
4998,,,,81747,
5000,,,,81395,
5002,,,,81041,
5004,,,,80705,
5006,,,,80359,
5008,,,,80009,
5010,,,,79672,
5012,,,,79268,
5014,,,,78943,
5016,,,,78614,
5018,,,,78284,
5020,,,,77956,
5022,,,,77620,
5024,,,,77277,
5026,,,,76927,
5028,,,,76592,
5030,,,,76254,
5032,,,,75906,
5034,,,,75562,
5036,,,,75231,
5038,,,,74896,
5040,,,,74555,
5042,,,,74223,
5044,,,,73893,
5046,,,,73561,
5048,,,,73212,
5050,,,,72861,
5052,,,,72526,
5054,,,,72202,
5056,,,,71865,
5058,,,,71529,
5060,,,,71224,
5062,,,,70875,
5064,,,,70529,
5066,,,,70177,
5068,,,,69827,
5070,,,,69490,
5072,,,,69132,
5074,,,,68791,
5076,,,,68452,
5078,,,,68104,
5080,,,,67757,
5082,,,,67413,
5084,,,,67079,
5086,,,,66748,
5088,,,,66414,
5090,,,,66076,
5092,,,,65721,
5094,,,,65391,
5096,,,,65060,
5098,,,,64723,
5100,,,,64383,
5102,,,,64047,
5104,,,,63704,
5106,,,,63372,
5108,,,,63027,
5110,,,,62683,
5112,,,,62346,
5114,,,,61998,
5116,,,,61654,
5118,,,,61297,
5120,,,,60954,
5122,,,,60652,
5124,,,,60244,
5126,,,,59682,
5128,,,,59343,
5130,,,,59016,
5132,,,,58674,
5134,,,,58322,
5136,,,,57981,
5138,,,,57632,
5140,,,,57296,
5142,,,,56945,
5144,,,,56608,
5146,,,,56272,
5148,,,,55932,
5150,,,,55582,
5152,,,,55240,
5154,,,,54897,
5156,,,,54431,
5158,,,,54094,
5160,,,,53765,
5162,,,,53422,
5164,,,,53067,
5166,,,,52776,
5168,,,,52438,
5170,,,,52088,
5172,,,,51755,
5174,,,,51414,
5176,,,,51061,
5178,,,,50719,
5180,,,,50373,
5182,,,,50034,
5184,,,,49695,
5186,,,,49359,
5188,,,,49015,
5190,,,,48663,
5192,,,,48328,
5194,,,,47998,
5196,,,,47666,
5198,,,,47319,
5200,,,,46989,
5202,,,,46702,
5204,,,,46354,
5206,,,,46008,
5208,,,,45668,
5210,,,,45332,
5212,,,,44988,
5214,,,,44646,
5216,,,,44307,
5218,,,,43955,
5220,,,,43608,
5222,,,,42467,
5224,,,,42133,
5226,,,,41793,
5228,,,,41468,
5230,,,,41095,
5232,,,,40750,
5234,,,,40411,
5236,,,,40059,
5238,,,,39710,
5240,,,,39361,
5242,,,,39022,
5244,,,,38654,
5246,,,,38317,
5248,,,,37983,
5250,,,,37667,
5252,,,,37347,
5254,,,,37010,
5256,,,36660,,
5258,,,36309,,
5260,,,35987,,
5262,,,35639,,
5264,,,35318,,
5266,,,34967,,
5268,38183,,,,
5270,37821,,,,
5272,37219,,,,
5274,37067,,,,
5276,40107,,,,
5278,41405,,,,
5280,39831,,,,
5282,39005,,,,
5284,44099,,,,
5286,43224,,,,
5288,43143,,,,
5290,42946,,,,
5292,47284,,,,
5294,48296,,,,
5296,46077,,,,
5298,46054,,,,
5300,51600,,,,
5302,51158,,,,
5304,52332,,,,
5306,50435,,,,
5308,55556,,,,
5310,54858,,,,
5312,54501,,,,
5314,54197,,,,
5316,57440,,,,
5318,56890,,,,
5320,56874,,,,
5322,56586,,,,
5324,59181,,,,
5326,59147,,,,
5328,58826,,,,
5330,58188,,,,
5332,61105,,,,
5334,60814,,,,
5336,61529,,,,
5338,61670,,,,
5340,,66761,,,
5342,,66602,,,
5344,,65700,,,
5346,,65448,,,
5348,,69463,,,
5350,,68672,,,
5352,,68638,,,
5354,,67899,,,
5356,,71355,,,
5358,,71088,,,
5360,,70558,,,
5362,,70965,,,
5364,,74334,,,
5366,,73912,,,
5368,,74415,,,
5370,,72735,,,
5372,,77849,,,
5374,,76805,,,
5376,,76844,,,
5378,,76548,,,
5380,,79804,,,
5382,,79318,,,
5384,,79139,,,
5386,,79185,,,
5388,,82484,,,
5390,,81876,,,
5392,,81527,,,
5394,,81129,,,
5396,,83990,,,
5398,,84023,,,
5400,,83655,,,
5402,,83100,,,
5404,,86302,,,
5406,,86728,,,
5408,,85589,,,
5410,,85491,,,
5412,,89398,,,
5414,,89340,,,
5416,,88895,,,
5418,,87637,,,
5420,,92355,,,
5422,,92362,,,
5424,,91724,,,
5426,,91182,,,
5428,,95796,,,
5430,,95291,,,
5432,,95031,,,
5434,,94495,,,
5436,,98155,,,
5438,,96924,,,
5440,,96334,,,
5442,,96170,,,
5444,,99216,,,
5446,,99164,,,
5448,,98623,,,
5450,,99685,,,
5452,,102965,,,
5454,,102953,,,
5456,,102369,,,
5458,,101395,,,
5460,,104891,,,
5462,,105137,,,
5464,,104596,,,
5466,,104413,,,
5468,,110792,,,
5470,,110515,,,
5472,,109566,,,
5474,,112850,,,
5476,,118195,,,
5478,,118570,,,
5480,,116847,,,
5482,,117668,,,
5484,,121645,,,
5486,,121113,,,
5488,,120497,,,
5490,,122272,,,
5492,,125758,,,
5494,,126122,,,
5496,,125548,,,
5498,,125895,,,
5500,,128743,,,
5502,,128564,,,
5504,,128167,,,
5506,,128767,,,
5508,,132283,,,
5510,,134125,,,
5512,,131566,,,
5514,,131352,,,
5516,,136464,,,
5518,,136084,,,
5520,,135695,,,
5522,,134684,,,
5524,,138310,,,
5526,,137930,,,
5528,,137635,,,
5530,,138008,,,
5532,,144238,,,
5534,,140697,,,
5536,,139792,,,
5538,,139767,,,
5540,,146353,,,
5542,,146263,,,
5544,,146680,,,
5546,,145171,,,
5548,,,,168708,
5550,,,,168365,
5552,,,,167936,
5554,,,,167591,
5556,,,,167255,
5558,,,,166911,
5560,,,,166571,
5562,,,,166223,
5564,,,,165870,
5566,,,,165035,
5568,,,,164690,
5570,,,,164343,
5572,,,,164001,
5574,,,,163654,
5576,,,,163308,
5578,,,,162979,
5580,,,,162651,
5582,,,,162304,
5584,,,,161873,
5586,,,,161517,
5588,,,,161180,
5590,,,,160843,
5592,,,,160532,
5594,,,,160189,
5596,,,,159805,
5598,,,,159412,
5600,,,158525,,
5602,,,155946,,
5604,,,155587,,
5606,,,155241,,
5608,,,154902,,
5610,,,154530,,
5612,,,154160,,
5614,,,153812,,
5616,,,153453,,
5618,,,153096,,
5620,,,152730,,
5622,,,152371,,
5624,,,152032,,
5626,,,151669,,
5628,,,151282,,
5630,,,150852,,
5632,,,150505,,
5634,,,150173,,
5636,,,149835,,
5638,,,148441,,
5640,,,148093,,
5642,,,147711,,
5644,,,147181,,
5646,,,146172,,
5648,,,145800,,
5650,,,145428,,
5652,,,145073,,
5654,,,144723,,
5656,,,144371,,
5658,,,144025,,
5660,,,143663,,
5662,,,143213,,
5664,,,,142883,
5666,,,,142532,
5668,,,,142186,
5670,,,,141765,
5672,,,,141429,
5674,,,,141093,
5676,,,,140761,
5678,,,,140426,
5680,,,,140072,
5682,,,,139732,
5684,,,,139390,
5686,,,,139032,
5688,,,,138683,
5690,,,,138342,
5692,,,,137987,
5694,,,,137639,
5696,,,,137308,
5698,,,,136977,
5700,,,,136636,
5702,,,,136220,
5704,,,,135875,
5706,,,,135542,
5708,,,,135200,
5710,,,,134846,
5712,,,,134477,
5714,,,,134125,
5716,,,,133777,
5718,,,,133424,
5720,,,,133077,
5722,,,,132736,
5724,,,,132386,
5726,,,,132007,
5728,,,,131673,
5730,,,,131345,
5732,,,,131008,
5734,,,,130672,
5736,,,,130342,
5738,,,,129993,
5740,,,,129661,
5742,,,,129326,
5744,,,,128976,
5746,,,,128635,
5748,,,,128306,
5750,,,,127980,
5752,,,,127637,
5754,,,,127295,
5756,,,,126964,
5758,,,,126626,
5760,,,,126269,
5762,,,,125921,
5764,,,,125463,
5766,,,,125119,
5768,,,,124753,
5770,,,,124389,
5772,,,,123938,
5774,,,,123534,
5776,,,,123172,
5778,,,,122831,
5780,,,,122492,
5782,,,,122154,
5784,,,,121794,
5786,,,,121458,
5788,,,,121111,
5790,,,,120771,
5792,,,,120457,
5794,,,,120118,
5796,,,,119778,
5798,,,,119430,
5800,,,,119066,
5802,,,,118714,
5804,,,,118373,
5806,,,,116455,
5808,,,,116104,
5810,,,,115751,
5812,,,,115397,
5814,,,,115038,
5816,,,,114678,
5818,,,,114339,
5820,,,,114007,
5822,,,,113668,
5824,,,,113317,
5826,,,,112915,
5828,,,,112525,
5830,,,,112189,
5832,,,,111854,
5834,,,,111512,
5836,,,,111037,
5838,,,,110667,
5840,,,,110313,
5842,,,,109145,
5844,,,,108805,
5846,,,,108390,
5848,,,,107982,
5850,,,,107569,
5852,,,,107183,
5854,,,,106805,
5856,,,,106421,
5858,,,,106035,
5860,,,,105676,
5862,,,,105106,
5864,,,,104802,
5866,,,,104461,
5868,,,,104133,
5870,,,,103803,
5872,,,,103469,
5874,,,,103138,
5876,,,,102810,
5878,,,,102477,
5880,,,,102144,
5882,,,,101784,
5884,,,,101430,
5886,,,,101078,
5888,,,,100727,
5890,,,,100380,
5892,,,,100023,
5894,,,,99678,
5896,,,,99320,
5898,,,,98970,
5900,,,,98610,
5902,,,,98252,
5904,,,,97904,
5906,,,,97561,
5908,,,,97214,
5910,,,,96871,
5912,,,,96524,
5914,,,,96179,
5916,,,,95839,
5918,,,,95495,
5920,,,,95054,
5922,,,94663,,
5924,,,94308,,
5926,,,93748,,
5928,,,93377,,
5930,,,93022,,
5932,,,92672,,
5934,,,92311,,
5936,,,91969,,
5938,,,91643,,
5940,,,91302,,
5942,,,90980,,
5944,,,90628,,
5946,,,89076,,
5948,,,88680,,
5950,,,88091,,
5952,,,87673,,
5954,,,87308,,
5956,,,86951,,
5958,,,86623,,
5960,,,86282,,
5962,,,85928,,
5964,,,85552,,
5966,,,85197,,
5968,,,84845,,
5970,,,84496,,
5972,,,84136,,
5974,,,83798,,
5976,,,83462,,
5978,,,83126,,
5980,,,82778,,
5982,,,,82430,
5984,,,,82069,
5986,,,,81719,
5988,,,,81372,
5990,,,,80996,
5992,,,,80658,
5994,,,,80301,
5996,,,,79957,
5998,,,,79607,
6000,,,,79242,
6002,,,,78870,
6004,,,,78514,
6006,,,,78159,
6008,,,,77806,
6010,,,,77463,
6012,,,,77119,
6014,,,,76699,
6016,,,,76358,
6018,,,,76014,
6020,,,,75675,
6022,,,,75312,
6024,,,,74982,
6026,,,,74669,
6028,,,,74332,
6030,,,,73976,
6032,,,,73635,
6034,,,,73282,
6036,,,,72935,
6038,,,,72579,
6040,,,,72178,
6042,,,,71793,
6044,,,,71152,
6046,,,,70335,
6048,,,,69997,
6050,,,,69655,
6052,,,,69318,
6054,,,,68978,
6056,,,,68400,
6058,,,,67976,
6060,,,,67613,
6062,,,,67264,
6064,,,,66904,
6066,,,,66553,
6068,,,,66201,
6070,,,,65488,
6072,,,,64829,
6074,,,,64440,
6076,,,,64099,
6078,,,,63769,
6080,,,,63421,
6082,,,,63079,
6084,,,,62727,
6086,,,,62381,
6088,,,,62039,
6090,,,,61697,
6092,,,,61359,
6094,,,,61020,
6096,,,,60684,
6098,,,,60346,
6100,,,,59993,
6102,,,,59663,
6104,,,,59311,
6106,,,,58974,
6108,,,,58632,
6110,,,,58283,
6112,,,,57951,
6114,,,,57599,
6116,,,,57268,
6118,,,,56931,
6120,,,,56566,
6122,,,,56225,
6124,,,,55805,
6126,,,,55340,
6128,,,,54880,
6130,,,,54499,
6132,,,,54162,
6134,,,,53803,
6136,,,,53463,
6138,,,,53116,
6140,,,,52775,
6142,,,,52432,
6144,,,,52014,
6146,,,,51663,
6148,,,,51318,
6150,,,,50965,
6152,,,,50628,
6154,,,,50279,
6156,,,,49939,
6158,,,,49596,
6160,,,,49244,
6162,,,,48936,
6164,,,,48569,
6166,,,,48217,
6168,,,,47862,
6170,,,,47509,
6172,,,,47157,
6174,,,,46814,
6176,,,,46461,
6178,,,,46125,
6180,,,,45793,
6182,,,,45483,
6184,,,,45179,
6186,,,,44840,
6188,,,,44490,
6190,,,,44155,
6192,,,,43810,
6194,,,,43497,
6196,,,,43105,
6198,,,,42741,
6200,,,,42398,
6202,,,,42046,
6204,,,,41738,
6206,,,,41392,
6208,,,,41059,
6210,,,,40724,
6212,,,,40387,
6214,,,,40031,
6216,,,,39693,
6218,,,,39353,
6220,,,,39017,
6222,,,,38685,
6224,,,,38345,
6226,,,,38003,
6228,,,,37653,
6230,,,,37311,
6232,,,,36971,
6234,,,,36633,
6236,,,,36309,
6238,,,,35979,
6240,,,33627,,
6242,,,33292,,
6244,,,32963,,
6246,40347,,,,
6248,39995,,,,
6250,39737,,,,
6252,42805,,,,
6254,34531,,,,
6256,43257,,,,
6258,42087,,,,
6260,41872,,,,
6262,46403,,,,
6264,46414,,,,
6266,46058,,,,
6268,49209,,,,
6270,45080,,,,
6272,48263,,,,
6274,47970,,,,
6276,51091,,,,
6278,47252,,,,
6280,50572,,,,
6282,50046,,,,
6284,49674,,,,
6286,52486,,,,
6288,52970,,,,
6290,52318,,,,
6292,55862,,,,
6294,51187,,,,
6296,55504,,,,
6298,54787,,,,
6300,61795,,,,
6302,53196,,,,
6304,56499,,,,
6306,55772,,,,
6308,58085,,,,
6310,61401,,,,
6312,61982,,,,
6314,60707,,,,
6316,71088,,,,
6318,62072,,,,
6320,69977,,,,
6322,69147,,,,
6324,,69425,,,
6326,,73866,,,
6328,,73317,,,
6330,,73550,,,
6332,,72578,,,
6334,,76132,,,
6336,,76523,,,
6338,,75632,,,
6340,,75006,,,
6342,,79753,,,
6344,,77935,,,
6346,,78152,,,
6348,,76598,,,
6350,,81220,,,
6352,,81282,,,
6354,,80984,,,
6356,,80448,,,
6358,,84646,,,
6360,,86566,,,
6362,,87125,,,
6364,,87678,,,
6366,,91260,,,
6368,,90864,,,
6370,,90470,,,
6372,,89984,,,
6374,,93060,,,
6376,,92708,,,
6378,,91985,,,
6380,,91484,,,
6382,,95248,,,
6384,,94450,,,
6386,,94022,,,
6388,,95131,,,
6390,,98473,,,
6392,,101915,,,
6394,,97403,,,
6396,,101213,,,
6398,,104065,,,
6400,,103501,,,
6402,,103352,,,
6404,,102903,,,
6406,,105829,,,
6408,,105750,,,
6410,,104773,,,
6412,,104773,,,
6414,,108221,,,
6416,,108754,,,
6418,,107943,,,
6420,,108049,,,
6422,,,,126033,
6424,,,,125701,
6426,,,,125375,
6428,,,,125041,
6430,,,,124591,
6432,,,,124253,
6434,,,,123918,
6436,,,,123584,
6438,,,,123233,
6440,,,,122893,
6442,,,,122536,
6444,,,,122193,
6446,,,,121857,
6448,,,,121523,
6450,,,,121170,
6452,,,,120816,
6454,,,,120473,
6456,,,,120142,
6458,,,,119809,
6460,,,,119479,
6462,,,,119111,
6464,,,,118765,
6466,,,,118410,
6468,,,,118073,
6470,,,,117733,
6472,,,,117390,
6474,,,,117045,
6476,,,,116692,
6478,,,,116354,
6480,,,,115988,
6482,,,,115656,
6484,,,,115318,
6486,,,,114938,
6488,,,,114560,
6490,,,,114214,
6492,,,,113833,
6494,,,,113478,
6496,,,,113136,
6498,,,,112771,
6500,,,,112432,
6502,,,,112084,
6504,,,,111750,
6506,,,,111261,
6508,,,,110905,
6510,,,,110562,
6512,,,,110226,
6514,,,,109888,
6516,,,,109541,
6518,,,,109076,
6520,,,,108737,
6522,,,,108394,
6524,,,,108046,
6526,,,,107707,
6528,,,,107373,
6530,,,,107028,
6532,,,,106677,
6534,,,,106321,
6536,,,,105985,
6538,,,,105648,
6540,,,,105305,
6542,,,,104958,
6544,,,,104616,
6546,,,,104265,
6548,,,,103773,
6550,,,,102611,
6552,,,,101867,
6554,,,,101511,
6556,,,,101156,
6558,,,,100815,
6560,,,,100472,
6562,,,,100122,
6564,,,,99751,
6566,,,,99401,
6568,,,,99051,
6570,,,,98719,
6572,,,,98377,
6574,,,,98048,
6576,,,,97708,
6578,,,,97364,
6580,,,,97013,
6582,,,,96667,
6584,,,,96328,
6586,,,,95974,
6588,,,,95611,
6590,,,95257,,
6592,,,94888,,
6594,,,94529,,
6596,,,94143,,
6598,,,93777,,
6600,,,93414,,
6602,,,93063,,
6604,,,92713,,
6606,,,92356,,
6608,,,92004,,
6610,,,91664,,
6612,,,91328,,
6614,,,90978,,
6616,,,90638,,
6618,,,90307,,
6620,,,89964,,
6622,,,89614,,
6624,,,89259,,
6626,,,88889,,
6628,,,88522,,
6630,,,88143,,
6632,,,87749,,
6634,,,87397,,
6636,,,87020,,
6638,,,86642,,
6640,,,86266,,
6642,,,85901,,
6644,,,85554,,
6646,,,85220,,
6648,,,84874,,
6650,,,84542,,
6652,,,84172,,
6654,,,83805,,
6656,,,83433,,
6658,,,83030,,
6660,,,82660,,
6662,,,82315,,
6664,,,81970,,
6666,,,81628,,
6668,,,81293,,
6670,,,80940,,
6672,,,80591,,
6674,,,80274,,
6676,,,79909,,
6678,,,79572,,
6680,,,79228,,
6682,,,78896,,
6684,,,78559,,
6686,,,78215,,
6688,,,77873,,
6690,,,77544,,
6692,,,77220,,
6694,,,,76885,
6696,,,,76541,
6698,,,,76202,
6700,,,,75868,
6702,,,,75510,
6704,,,,75175,
6706,,,,74797,
6708,,,,73972,
6710,,,,73636,
6712,,,,73287,
6714,,,,72951,
6716,,,,72619,
6718,,,,72283,
6720,,,,71943,
6722,,,,71609,
6724,,,,71275,
6726,,,,70926,
6728,,,,70578,
6730,,,,70245,
6732,,,,69912,
6734,,,,69583,
6736,,,,69263,
6738,,,,68930,
6740,,,,68593,
6742,,,,68252,
6744,,,,67926,
6746,,,,67592,
6748,,,,67261,
6750,,,,66916,
6752,,,,66570,
6754,,,,66225,
6756,,,,65911,
6758,,,,65603,
6760,,,,65255,
6762,,,,64919,
6764,,,,64583,
6766,,,,64242,
6768,,,,63897,
6770,,,,63525,
6772,,,,63186,
6774,,,,62836,
6776,,,,62501,
6778,,,,62166,
6780,,,,61840,
6782,,,,61503,
6784,,,,61161,
6786,,,,60830,
6788,,,,60477,
6790,,,,60132,
6792,,,,59799,
6794,,,,59468,
6796,,,,59130,
6798,,,,58788,
6800,,,,58437,
6802,,,,58011,
6804,,,,57665,
6806,,,,57310,
6808,,,,56946,
6810,,,,56597,
6812,,,,56240,
6814,,,,55916,
6816,,,,55578,
6818,,,,55238,
6820,,,,54886,
6822,,,,54433,
6824,,,,54007,
6826,,,,53661,
6828,,,,53348,
6830,,,,53014,
6832,,,,52680,
6834,,,,52266,
6836,,,,51923,
6838,,,,51587,
6840,,,,51233,
6842,,,,50889,
6844,,,,50552,
6846,,,,50207,
6848,,,,49710,
6850,,,,49364,
6852,,,,49021,
6854,,,,48684,
6856,,,,48360,
6858,,,,48022,
6860,,,,47673,
6862,,,,47340,
6864,,,,47006,
6866,,,,46664,
6868,,,,46314,
6870,,,,45984,
6872,,,,45641,
6874,,,,45295,
6876,,,,44964,
6878,,,,44622,
6880,,,,44253,
6882,,,,43889,
6884,,,,43529,
6886,,,,42926,
6888,,,,42574,
6890,,,,42031,
6892,,,,41675,
6894,,,,41114,
6896,,,,40667,
6898,,,,40302,
6900,,,,39968,
6902,,,,39635,
6904,,,,39295,
6906,,,,38961,
6908,,,,38629,
6910,,,,38249,
6912,,,,37900,
6914,,,,37557,
6916,,,,37223,
6918,,,,36877,
6920,,,,36535,
6922,,,,36185,
6924,,,,35847,
6926,,,,35518,
6928,,,,35190,
6930,,,,34858,
6932,,,,34501,
6934,,,,34164,
6936,,,,33828,
6938,,,,33493,
6940,,,,33105,
6942,,,,32769,
6944,,,,32426,
6946,,,,32069,
6948,,,,31725,
6950,,,,31377,
6952,34815,,,,
6954,34360,,,,
6956,33753,,,,
6958,33622,,,,
6960,37521,,,,
6962,40184,,,,
6964,36179,,,,
6966,35536,,,,
6968,42467,,,,
6970,44147,,,,
6972,41686,,,,
6974,41780,,,,
6976,48115,,,,
6978,46593,,,,
6980,46322,,,,
6982,48167,,,,
6984,52949,,,,
6986,52070,,,,
6988,51488,,,,
6990,51531,,,,
6992,55542,,,,
6994,54921,,,,
6996,54370,,,,
6998,54412,,,,
7000,56675,,,,
7002,57414,,,,
7004,57067,,,,
7006,56509,,,,
7008,59710,,,,
7010,59374,,,,
7012,59355,,,,
7014,58257,,,,
7016,65645,,,,
7018,61731,,,,
7020,64256,,,,
7022,60922,,,,
7024,70206,,,,
7026,69835,,,,
7028,,68634,,,
7030,,68182,,,
7032,,72340,,,
7034,,71800,,,
7036,,71445,,,
7038,,71866,,,
7040,,76154,,,
7042,,75997,,,
7044,,75067,,,
7046,,75007,,,
7048,,79164,,,
7050,,78282,,,
7052,,78481,,,
7054,,77322,,,
7056,,81068,,,
7058,,80850,,,
7060,,80368,,,
7062,,80037,,,
7064,,82905,,,
7066,,83601,,,
7068,,82330,,,
7070,,82070,,,
7072,,86274,,,
7074,,85528,,,
7076,,87730,,,
7078,,85392,,,
7080,,92789,,,
7082,,90625,,,
7084,,90109,,,
7086,,91711,,,
7088,,94603,,,
7090,,94267,,,
7092,,94406,,,
7094,,93610,,,
7096,,98207,,,
7098,,97225,,,
7100,,96861,,,
7102,,96370,,,
7104,,100035,,,
7106,,100228,,,
7108,,99552,,,
7110,,99870,,,
7112,,103438,,,
7114,,103261,,,
7116,,102887,,,
7118,,102567,,,
7120,,104891,,,
7122,,104674,,,
7124,,105053,,,
7126,,104099,,,
7128,,108190,,,
7130,,107687,,,
7132,,108481,,,
7134,,106355,,,
7136,,,,129269,
7138,,,,128935,
7140,,,,128599,
7142,,,,128258,
7144,,,,127920,
7146,,,,127586,
7148,,,,127233,
7150,,,,126902,
7152,,,,126577,
7154,,,,126249,
7156,,,,125921,
7158,,,,125591,
7160,,,,125247,
7162,,,,124893,
7164,,,,124561,
7166,,,,124220,
7168,,,,123874,
7170,,,,123517,
7172,,,,123163,
7174,,,,122821,
7176,,,,122478,
7178,,,,122136,
7180,,,,121799,
7182,,,,121466,
7184,,,,121134,
7186,,,,120794,
7188,,,,120427,
7190,,,,120084,
7192,,,,119735,
7194,,,,119335,
7196,,,,118967,
7198,,,,118615,
7200,,,,118263,
7202,,,,117940,
7204,,,,117183,
7206,,,,116836,
7208,,,,116491,
7210,,,,116139,
7212,,,,115787,
7214,,,,115458,
7216,,,,115128,
7218,,,,114292,
7220,,,,113952,
7222,,,,113581,
7224,,,,112981,
7226,,,,112438,
7228,,,,112054,
7230,,,,111704,
7232,,,,111369,
7234,,,,110895,
7236,,,,110559,
7238,,,,110224,
7240,,,,109886,
7242,,,,109539,
7244,,,,109213,
7246,,,,108889,
7248,,,,108547,
7250,,,,108181,
7252,,,,107845,
7254,,,,107152,
7256,,,,106799,
7258,,,,106445,
7260,,,,106091,
7262,,,,105767,
7264,,,,105429,
7266,,,,105098,
7268,,,,104766,
7270,,,,104435,
7272,,,,104097,
7274,,,,103670,
7276,,,,103331,
7278,,,,102997,
7280,,,,102669,
7282,,,,102338,
7284,,,,102007,
7286,,,,101631,
7288,,,,101245,
7290,,,100888,,
7292,,,100531,,
7294,,,100186,,
7296,,,99836,,
7298,,,99477,,
7300,,,99095,,
7302,,,98761,,
7304,,,98403,,
7306,,,98061,,
7308,,,97696,,
7310,,,97356,,
7312,,,97001,,
7314,,,96672,,
7316,,,96328,,
7318,,,95994,,
7320,,,95643,,
7322,,,95281,,
7324,,,94946,,
7326,,,94616,,
7328,,,94272,,
7330,,,93934,,
7332,,,93583,,
7334,,,93241,,
7336,,,92903,,
7338,,,92544,,
7340,,,92190,,
7342,,,91852,,
7344,,,91505,,
7346,,,91176,,
7348,,,90252,,
7350,,,89901,,
7352,,,89552,,
7354,,,89121,,
7356,,,88780,,
7358,,,88428,,
7360,,,88078,,
7362,,,87737,,
7364,,,87378,,
7366,,,87054,,
7368,,,86711,,
7370,,,86369,,
7372,,,86020,,
7374,,,85679,,
7376,,,85319,,
7378,,,84981,,
7380,,,84621,,
7382,,,84283,,
7384,,,83940,,
7386,,,83586,,
7388,,,83248,,
7390,,,82907,,
7392,,,82561,,
7394,,,82232,,
7396,,,81905,,
7398,,,81589,,
7400,,,81244,,
7402,,,80914,,
7404,,,80577,,
7406,,,80234,,
7408,,,79878,,
7410,,,79534,,
7412,,,79203,,
7414,,,,78864,
7416,,,,78504,
7418,,,,78161,
7420,,,,77798,
7422,,,,77465,
7424,,,,77127,
7426,,,,76795,
7428,,,,76458,
7430,,,,76113,
7432,,,,75773,
7434,,,,75421,
7436,,,,75077,
7438,,,,74728,
7440,,,,74380,
7442,,,,74034,
7444,,,,73429,
7446,,,,73061,
7448,,,,72706,
7450,,,,72353,
7452,,,,72011,
7454,,,,71675,
7456,,,,71342,
7458,,,,70991,
7460,,,,70636,
7462,,,,70292,
7464,,,,69957,
7466,,,,69628,
7468,,,,69294,
7470,,,,68948,
7472,,,,68595,
7474,,,,68260,
7476,,,,67924,
7478,,,,67586,
7480,,,,67241,
7482,,,,66895,
7484,,,,66557,
7486,,,,66212,
7488,,,,65878,
7490,,,,65544,
7492,,,,65210,
7494,,,,64877,
7496,,,,64527,
7498,,,,64186,
7500,,,,63850,
7502,,,,63515,
7504,,,,63174,
7506,,,,62841,
7508,,,,62515,
7510,,,,62194,
7512,,,,61856,
7514,,,,61505,
7516,,,,61162,
7518,,,,60828,
7520,,,,60494,
7522,,,,60165,
7524,,,,59808,
7526,,,,59516,
7528,,,,59101,
7530,,,,58765,
7532,,,,58414,
7534,,,,58073,
7536,,,,57741,
7538,,,,57345,
7540,,,,56931,
7542,,,,56596,
7544,,,,56266,
7546,,,,55937,
7548,,,,55593,
7550,,,,55241,
7552,,,,54907,
7554,,,,54554,
7556,,,,54214,
7558,,,,53774,
7560,,,,53430,
7562,,,,53083,
7564,,,,52735,
7566,,,,52399,
7568,,,,52071,
7570,,,,51739,
7572,,,,51403,
7574,,,,51061,
7576,,,,50727,
7578,,,,50396,
7580,,,,50055,
7582,,,,49725,
7584,,,,49381,
7586,,,,49038,
7588,,,,48697,
7590,,,,48359,
7592,,,,48012,
7594,,,,47668,
7596,,,,47314,
7598,,,,46950,
7600,,,,46613,
7602,,,,46277,
7604,,,,45934,
7606,,,,45589,
7608,,,,45238,
7610,,,,44896,
7612,,,,44558,
7614,,,,44205,
7616,,,,43856,
7618,,,,43523,
7620,,,,43189,
7622,,,,42863,
7624,,,,42532,
7626,,,,42191,
7628,,,,41856,
7630,,,,41519,
7632,,,,41190,
7634,,,,40834,
7636,,,,40489,
7638,,,,40149,
7640,,,,39803,
7642,,,,39465,
7644,,,,39132,
7646,,,,38784,
7648,,,,38449,
7650,,,,38121,
7652,,,,37793,
7654,,,,37455,
7656,,,,37121,
7658,,,,36786,
7660,,,,36448,
7662,,,,36102,
7664,,,,35760,
7666,,,,35422,
7668,,,,35080,
7670,,,,34781,
7672,,,34440,,
7674,,,34079,,
7676,,,33698,,
7678,,,33250,,
7680,36383,,,,
7682,36129,,,,
7684,35777,,,,
7686,35485,,,,
7688,41156,,,,
7690,40670,,,,
7692,42473,,,,
7694,40388,,,,
7696,46500,,,,
7698,45766,,,,
7700,45428,,,,
7702,45342,,,,
7704,48481,,,,
7706,47645,,,,
7708,47215,,,,
7710,47395,,,,
7712,50740,,,,
7714,50966,,,,
7716,49630,,,,
7718,50053,,,,
7720,52905,,,,
7722,52795,,,,
7724,52194,,,,
7726,52130,,,,
7728,55541,,,,
7730,54219,,,,
7732,54775,,,,
7734,53674,,,,
7736,58378,,,,
7738,56995,,,,
7740,56292,,,,
7742,56293,,,,
7744,59858,,,,
7746,60493,,,,
7748,59867,,,,
7750,59165,,,,
7752,63082,,,,
7754,62098,,,,
7756,62445,,,,
7758,61327,,,,
7760,65570,,,,
7762,65616,,,,
7764,65449,,,,
7766,64158,,,,
7768,71527,,,,
7770,71558,,,,
7772,71166,,,,
7774,69697,,,,
7776,73400,,,,
7778,73253,,,,
7780,72619,,,,
7782,72452,,,,
7784,,76127,,,
7786,,76872,,,
7788,,75083,,,
7790,,76014,,,
7792,,79022,,,
7794,,79647,,,
7796,,78217,,,
7798,,78153,,,
7800,,82436,,,
7802,,82463,,,
7804,,81890,,,
7806,,81112,,,
7808,,85053,,,
7810,,84641,,,
7812,,84680,,,
7814,,83843,,,
7816,,87208,,,
7818,,86941,,,
7820,,86543,,,
7822,,86262,,,
7824,,89225,,,
7826,,88900,,,
7828,,88476,,,
7830,,88179,,,
7832,,91171,,,
7834,,90774,,,
7836,,91011,,,
7838,,90039,,,
7840,,93655,,,
7842,,93661,,,
7844,,93452,,,
7846,,93126,,,
7848,,96864,,,
7850,,96011,,,
7852,,95393,,,
7854,,95697,,,
7856,,99553,,,
7858,,99112,,,
7860,,99384,,,
7862,,98479,,,
7864,,103355,,,
7866,,102241,,,
7868,,101527,,,
7870,,100808,,,
7872,,105116,,,
7874,,105480,,,
7876,,104257,,,
7878,,104110,,,
7880,,107295,,,
7882,,107412,,,
7884,,107048,,,
7886,,106299,,,
7888,,109494,,,
7890,,108291,,,
7892,,108877,,,
7894,,107559,,,
7896,,111477,,,
7898,,110453,,,
7900,,110115,,,
7902,,110435,,,
7904,,113107,,,
7906,,112300,,,
7908,,114437,,,
7910,,112070,,,
7912,,117811,,,
7914,,120980,,,
7916,,117080,,,
7918,,120218,,,
7920,,125725,,,
7922,,125374,,,
7924,,122141,,,
7926,,120970,,,
7928,,131797,,,
7930,,132089,,,
7932,,126419,,,
7934,,126080,,,
7936,,134057,,,
7938,,136439,,,
7940,,133357,,,
7942,,134670,,,
7944,,140144,,,
7946,,139904,,,
7948,,139618,,,
7950,,139188,,,
7952,,144100,,,
7954,,142376,,,
7956,,142627,,,
7958,,141583,,,
7960,,149091,,,
7962,,149842,,,
7964,,144742,,,
7966,,149306,,,
7968,,154110,,,
7970,,153739,,,
7972,,151779,,,
7974,,151405,,,
7976,,159621,,,
7978,,159305,,,
7980,,155312,,,
7982,,154942,,,
7984,,161379,,,
7986,,161325,,,
7988,,162616,,,
7990,,162076,,,
7992,,165205,,,
7994,,164786,,,
7996,,166108,,,
7998,,165941,,,
8000,,168569,,,
8002,,171261,,,
8004,,167909,,,
8006,,169253,,,
8008,,172641,,,
8010,,175013,,,
8012,,175989,,,
8014,,175644,,,
8016,,182774,,,
8018,,181957,,,
8020,,177299,,,
8022,,176964,,,
8024,,184843,,,
8026,,184513,,,
8028,,186239,,,
8030,,182957,,,
8032,,188870,,,
8034,,188485,,,
8036,,190820,,,
8038,,189381,,,
8040,193431,,,,
8042,195169,,,,
8044,192741,,,,
8046,192405,,,,
8048,198820,,,,
8050,196711,,,,
8052,196200,,,,
8054,197753,,,,
8056,202958,,,,
8058,201987,,,,
8060,199751,,,,
8062,201309,,,,
8064,204468,,,,
8066,207806,,,,
8068,203688,,,,
8070,206136,,,,
8072,210282,,,,
8074,208954,,,,
8076,209621,,,,
8078,210429,,,,
8080,214906,,,,
8082,213256,,,,
8084,212884,,,,
8086,211397,,,,
8088,219737,,,,
8090,216223,,,,
8092,217909,,,,
8094,214920,,,,
8096,222881,,,,
8098,221420,,,,
8100,221073,,,,
8102,222589,,,,
8104,224268,,,,
8106,226622,,,,
8108,227269,,,,
8110,225101,,,,
8112,232342,,,,
8114,228347,,,,
8116,229906,,,,
8118,230931,,,,
8120,238046,,,,
8122,233469,,,,
8124,233111,,,,
8126,236889,,,,
8128,239857,,,,
8130,239491,,,,
8132,240757,,,,
8134,237891,,,,
8136,245045,,,,
8138,246180,,,,
8140,245847,,,,
8142,241409,,,,
8144,249445,,,,
8146,247681,,,,
8148,249477,,,,
8150,247042,,,,
8152,251654,,,,
8154,253434,,,,
8156,250932,,,,
8158,253610,,,,
8160,255914,,,,
8162,256634,,,,
8164,255855,,,,
8166,255936,,,,
8168,259192,,,,
8170,258821,,,,
8172,258161,,,,
8174,257746,,,,
8176,263953,,,,
8178,263711,,,,
8180,260461,,,,
8182,262802,,,,
8184,267179,,,,
8186,266662,,,,
8188,265176,,,,
8190,264927,,,,
8192,271160,,,,
